<?xml version="1.0" encoding="utf-8"?>
<OneBoxResults>
  <title>
    <urlText>Employee Directory Results</urlText>
    <urlLink>http://yourWebServer/Path/toThis/Project/DirectoryService.asmx/GoogleUsers?query=gary comstock</urlLink>
  </title>
  <IMAGE_SOURCE>http://yourWebServer/Path/toThis/Project/employee.bmp</IMAGE_SOURCE>
  <MODULE_RESULT>
    <Title>Gary Comstock</Title>
    <Field name="firstname">Gary</Field>
    <Field name="lastname">Comstock</Field>
    <Field name="email">gcomstock@keyenergy.com</Field>
    <Field name="office">0010 - Midland, TX Corporate Offices</Field>
    <Field name="officePhone">432-555-1212</Field>
    <Field name="cellPhone">432-555-1213</Field>
    <Field name="0800_0815">Free</Field>
    <Field name="0815_0830">Free</Field>
    <Field name="0830_0845">Free</Field>
    <Field name="0845_0900">Free</Field>
    <Field name="0900_0915">Busy</Field>
    <Field name="0915_0930">Busy</Field>
    <Field name="0930_0945">Busy</Field>
    <Field name="0945_1000">Busy</Field>
    <Field name="1000_1015">Free</Field>
    <Field name="1015_1030">Free</Field>
    <Field name="1030_1045">Free</Field>
    <Field name="1045_1100">Free</Field>
    <Field name="1100_1115">Tentative</Field>
    <Field name="1115_1130">Tentative</Field>
    <Field name="1130_1145">Tentative</Field>
    <Field name="1145_1200">Tentative</Field>
    <Field name="1200_1215">Free</Field>
    <Field name="1215_1230">Free</Field>
    <Field name="1230_1245">Free</Field>
    <Field name="1245_1300">Free</Field>
    <Field name="1300_1315">Free</Field>
    <Field name="1315_1330">Free</Field>
    <Field name="1330_1345">Free</Field>
    <Field name="1345_1400">Free</Field>
    <Field name="1400_1415">OOF</Field>
    <Field name="1415_1430">OOF</Field>
    <Field name="1430_1445">OOF</Field>
    <Field name="1445_1500">OOF</Field>
    <Field name="1500_1515">Free</Field>
    <Field name="1515_1530">Free</Field>
    <Field name="1530_1545">Free</Field>
    <Field name="1545_1600">Free</Field>
    <Field name="1600_1615">Free</Field>
    <Field name="1615_1630">Free</Field>
    <Field name="1630_1645">Free</Field>
    <Field name="1645_1700">Free</Field>
  </MODULE_RESULT>
</OneBoxResults>