<?xml version="1.0" encoding="UTF-8"?>
<onebox xmlns:xsl="http://www.w3.org/1999/XSL/Transform" id="directory_search" suppressDateTime="true" suppressIPAddr="true" suppressKeyword="true" type="external">
<name>directory_search</name>
<security userAuth="none"/>
<description>This OneBox allows for search of contacts within LDAP and an MS Exchange data store and returns employee name, email, phone(s) and calendar free/busy schedule</description>
<trigger triggerType="null"></trigger>
<providerURL>http://yourWebServer/DirectoryWebSvc/DirectoryService.asmx/GoogleUsers</providerURL>
<resultsTemplate>
<xsl:template name="directory_results">
<!-- here on -->
<xsl:variable name="SearchRequeryUrl">http://yourGoogleBox.com/search?q=</xsl:variable>
<xsl:variable name="image"><xsl:value-of select="IMAGE_SOURCE"/></xsl:variable>
	<link href="http://yourWebServer/DirectoryWebSvc/directory.css" rel="stylesheet" type="text/css"/>
		<table bgcolor="#e5ecf9" border="0" cellpadding="0" cellspacing="0" width="100%">
			<tr>
				<td bgcolor="#e5ecf9">
					<table border="0" cellpadding="0" cellspacing="0">
						<xsl:text>
						</xsl:text>
						<tr>
							<xsl:text>
							</xsl:text>
							<td class="InfoHeading">
								<xsl:text>
								</xsl:text>
									<b>
										<xsl:value-of select="title/urlText"/>
									</b>
							</td>
							<xsl:text>
							</xsl:text>
						</tr>
					</table>
					<xsl:text>
					</xsl:text>
					<xsl:text>
					</xsl:text>
					<xsl:for-each select="MODULE_RESULT[position()&lt;=3]">
						<table>
							<xsl:text>
							</xsl:text>
							<tr>
								<xsl:text>
								</xsl:text>
								<td>
									<img>
									 	<xsl:attribute name="src"><xsl:value-of select="$image"/></xsl:attribute>
										<xsl:attribute name="border">0</xsl:attribute>
										<xsl:attribute name="height">32</xsl:attribute>
										<xsl:attribute name="width">32</xsl:attribute>
									</img>
								</td>
								<xsl:text>
								</xsl:text>
								<td class="InfoText">
									<div title="{Field[@name='office']}">
										<xsl:value-of select="Title"/>
											<br/>
												<xsl:text>
												</xsl:text>
												<a>
													<xsl:attribute name="href">mailto:<xsl:value-of select="Field[@name='email']"/></xsl:attribute>
													<xsl:value-of select="Field[@name='email']"/>
												</a>
												<xsl:text>
												</xsl:text>
									</div>
								</td>
								<td align="right" class="InfoText" valign="top">
									<xsl:if test="count(Field[@name='officePhone'])=1">
										Phone:
										<xsl:value-of select="Field[@name='officePhone']"/>
										<xsl:text>
										</xsl:text>
									</xsl:if>
										<br/>
											<xsl:if test="count(Field[@name='cellPhone'])=1">
												Cell:
												<xsl:value-of select="Field[@name='cellPhone']"/>
											</xsl:if>
								</td>
								<xsl:text>
								</xsl:text>
							</tr>
							<xsl:text>
							</xsl:text>
						</table>
						<xsl:text>
						</xsl:text>
						<xsl:text>
						</xsl:text>
						<!-- show free busy time for contact -->
						<!-- time is divided into hour slots, with quarter hour divisions within -->
						<table border="1" cellpadding="1" cellspacing="0">
							<xsl:text>
							</xsl:text>
							<tr>
								<xsl:text>
								</xsl:text>
								<td class="gridStart">
									<div>
										<xsl:attribute name="class">
											<xsl:value-of select="Field[@name='0800_0815']"/>
										</xsl:attribute>
									</div>
								</td>
								<xsl:text>
								</xsl:text>
								<td class="grid">
									<div>
										<xsl:attribute name="class">
											<xsl:value-of select="Field[@name='0815_0830']"/>
										</xsl:attribute>
									</div>
								</td>
								<xsl:text>
								</xsl:text>
								<td class="grid">
									<div>
										<xsl:attribute name="class">
											<xsl:value-of select="Field[@name='0830_0845']"/>
										</xsl:attribute>
									</div>
								</td>
								<xsl:text>
								</xsl:text>
								<td class="grid">
									<div>
										<xsl:attribute name="class">
											<xsl:value-of select="Field[@name='0845_0900']"/>
										</xsl:attribute>
									</div>
								</td>
								<xsl:text>
								</xsl:text>
								<xsl:text>
								</xsl:text>
								<td class="gridStart">
									<div>
										<xsl:attribute name="class">
											<xsl:value-of select="Field[@name='0900_0915']"/>
										</xsl:attribute>
									</div>
								</td>
								<xsl:text>
								</xsl:text>
								<td class="grid">
									<div>
										<xsl:attribute name="class">
											<xsl:value-of select="Field[@name='0915_0930']"/>
										</xsl:attribute>
									</div>
								</td>
								<xsl:text>
								</xsl:text>
								<td class="grid">
									<div>
										<xsl:attribute name="class">
											<xsl:value-of select="Field[@name='0930_0945']"/>
										</xsl:attribute>
									</div>
								</td>
								<xsl:text>
								</xsl:text>
								<td class="grid">
									<div>
										<xsl:attribute name="class">
											<xsl:value-of select="Field[@name='0945_1000']"/>
										</xsl:attribute>
									</div>
								</td>
								<xsl:text>
								</xsl:text>
								<xsl:text>
								</xsl:text>
								<td class="gridStart">
									<div>
										<xsl:attribute name="class">
											<xsl:value-of select="Field[@name='1000_1015']"/>
										</xsl:attribute>
									</div>
								</td>
								<xsl:text>
								</xsl:text>
								<td class="grid">
									<div>
										<xsl:attribute name="class">
											<xsl:value-of select="Field[@name='1015_1030']"/>
										</xsl:attribute>
									</div>
								</td>
								<xsl:text>
								</xsl:text>
								<td class="grid">
									<div>
										<xsl:attribute name="class">
											<xsl:value-of select="Field[@name='1030_1045']"/>
										</xsl:attribute>
									</div>
								</td>
								<xsl:text>
								</xsl:text>
								<td class="grid">
									<div>
										<xsl:attribute name="class">
											<xsl:value-of select="Field[@name='1045_1100']"/>
										</xsl:attribute>
									</div>
								</td>
								<xsl:text>
								</xsl:text>
								<xsl:text>
								</xsl:text>
								<td class="gridStart">
									<div>
										<xsl:attribute name="class">
											<xsl:value-of select="Field[@name='1100_1115']"/>
										</xsl:attribute>
									</div>
								</td>
								<xsl:text>
								</xsl:text>
								<td class="grid">
									<div>
										<xsl:attribute name="class">
											<xsl:value-of select="Field[@name='1115_1130']"/>
										</xsl:attribute>
									</div>
								</td>
								<xsl:text>
								</xsl:text>
								<td class="grid">
									<div>
										<xsl:attribute name="class">
											<xsl:value-of select="Field[@name='1130_1145']"/>
										</xsl:attribute>
									</div>
								</td>
								<xsl:text>
								</xsl:text>
								<td class="grid">
									<div>
										<xsl:attribute name="class">
											<xsl:value-of select="Field[@name='1145_1200']"/>
										</xsl:attribute>
									</div>
								</td>
								<xsl:text>
								</xsl:text>
								<xsl:text>
								</xsl:text>
								<td class="gridStart">
									<div>
										<xsl:attribute name="class">
											<xsl:value-of select="Field[@name='1200_1215']"/>
										</xsl:attribute>
									</div>
								</td>
								<xsl:text>
								</xsl:text>
								<td class="grid">
									<div>
										<xsl:attribute name="class">
											<xsl:value-of select="Field[@name='1215_1230']"/>
										</xsl:attribute>
									</div>
								</td>
								<xsl:text>
								</xsl:text>
								<td class="grid">
									<div>
										<xsl:attribute name="class">
											<xsl:value-of select="Field[@name='1230_1245']"/>
										</xsl:attribute>
									</div>
								</td>
								<xsl:text>
								</xsl:text>
								<td class="grid">
									<div>
										<xsl:attribute name="class">
											<xsl:value-of select="Field[@name='1245_1300']"/>
										</xsl:attribute>
									</div>
								</td>
								<xsl:text>
								</xsl:text>
								<xsl:text>
								</xsl:text>
								<td class="gridStart">
									<div>
										<xsl:attribute name="class">
											<xsl:value-of select="Field[@name='1300_1315']"/>
										</xsl:attribute>
									</div>
								</td>
								<xsl:text>
								</xsl:text>
								<td class="grid">
									<div>
										<xsl:attribute name="class">
											<xsl:value-of select="Field[@name='1315_1330']"/>
										</xsl:attribute>
									</div>
								</td>
								<xsl:text>
								</xsl:text>
								<td class="grid">
									<div>
										<xsl:attribute name="class">
											<xsl:value-of select="Field[@name='1330_1345']"/>
										</xsl:attribute>
									</div>
								</td>
								<xsl:text>
								</xsl:text>
								<td class="grid">
									<div>
										<xsl:attribute name="class">
											<xsl:value-of select="Field[@name='1345_1400']"/>
										</xsl:attribute>
									</div>
								</td>
								<xsl:text>
								</xsl:text>
								<xsl:text>
								</xsl:text>
								<td class="gridStart">
									<div>
										<xsl:attribute name="class">
											<xsl:value-of select="Field[@name='1400_1415']"/>
										</xsl:attribute>
									</div>
								</td>
								<xsl:text>
								</xsl:text>
								<td class="grid">
									<div>
										<xsl:attribute name="class">
											<xsl:value-of select="Field[@name='1415_1430']"/>
										</xsl:attribute>
									</div>
								</td>
								<xsl:text>
								</xsl:text>
								<td class="grid">
									<div>
										<xsl:attribute name="class">
											<xsl:value-of select="Field[@name='1430_1445']"/>
										</xsl:attribute>
									</div>
								</td>
								<xsl:text>
								</xsl:text>
								<td class="grid">
									<div>
										<xsl:attribute name="class">
											<xsl:value-of select="Field[@name='1445_1500']"/>
										</xsl:attribute>
									</div>
								</td>
								<xsl:text>
								</xsl:text>
								<xsl:text>
								</xsl:text>
								<td class="gridStart">
									<div>
										<xsl:attribute name="class">
											<xsl:value-of select="Field[@name='1500_1515']"/>
										</xsl:attribute>
									</div>
								</td>
								<xsl:text>
								</xsl:text>
								<td class="grid">
									<div>
										<xsl:attribute name="class">
											<xsl:value-of select="Field[@name='1515_1530']"/>
										</xsl:attribute>
									</div>
								</td>
								<xsl:text>
								</xsl:text>
								<td class="grid">
									<div>
										<xsl:attribute name="class">
											<xsl:value-of select="Field[@name='1530_1545']"/>
										</xsl:attribute>
									</div>
								</td>
								<xsl:text>
								</xsl:text>
								<td class="grid">
									<div>
										<xsl:attribute name="class">
											<xsl:value-of select="Field[@name='1545_1600']"/>
										</xsl:attribute>
									</div>
								</td>
								<xsl:text>
								</xsl:text>
								<xsl:text>
								</xsl:text>
								<td class="gridStart">
									<div>
										<xsl:attribute name="class">
											<xsl:value-of select="Field[@name='1600_1615']"/>
										</xsl:attribute>
									</div>
								</td>
								<xsl:text>
								</xsl:text>
								<td class="grid">
									<div>
										<xsl:attribute name="class">
											<xsl:value-of select="Field[@name='1615_1630']"/>
										</xsl:attribute>
									</div>
								</td>
								<xsl:text>
								</xsl:text>
								<td class="grid">
									<div>
										<xsl:attribute name="class">
											<xsl:value-of select="Field[@name='1630_1645']"/>
										</xsl:attribute>
									</div>
								</td>
								<xsl:text>
								</xsl:text>
								<td class="grid">
									<div>
										<xsl:attribute name="class">
											<xsl:value-of select="Field[@name='1645_1700']"/>
										</xsl:attribute>
									</div>
								</td>
								<xsl:text>
								</xsl:text>
							</tr>
							<xsl:text>
							</xsl:text>
							<tr>
								<xsl:text>
								</xsl:text>
								<td class="THead" colspan="4">
									8am
								</td>
								<xsl:text>
								</xsl:text>
								<td class="THead" colspan="4">
									9
								</td>
								<xsl:text>
								</xsl:text>
								<td class="THead" colspan="4">
									10
								</td>
								<xsl:text>
								</xsl:text>
								<td class="THead" colspan="4">
									11
								</td>
								<xsl:text>
								</xsl:text>
								<td class="THead" colspan="4">
									12pm
								</td>
								<xsl:text>
								</xsl:text>
								<td class="THead" colspan="4">
									1
								</td>
								<xsl:text>
								</xsl:text>
								<td class="THead" colspan="4">
									2
								</td>
								<xsl:text>
								</xsl:text>
								<td class="THead" colspan="4">
									3
								</td>
								<xsl:text>
								</xsl:text>
								<td class="THead" colspan="4">
									4
								</td>
								<xsl:text>
								</xsl:text>
							</tr>
							<xsl:text>
							</xsl:text>
						</table>
						<xsl:text>
						</xsl:text>
						<table>
							<tr>
								<td class="grid">
									<div class="busy">
									</div>
								</td>
								<td class="legend">
									<xsl:text>
										Busy
									</xsl:text>
								</td>
								<td>
									<xsl:text disable-output-escaping="yes"/>
								</td>
								<td class="grid">
									<div class="oof">
									</div>
								</td>
								<td class="legend">
									<xsl:text>
										Out of Office
									</xsl:text>
								</td>
								<td>
									<xsl:text disable-output-escaping="yes"/>
								</td>
								<td class="grid">
									<div class="tentative">
									</div>
								</td>
								<td class="legend">
									<xsl:text>
										Tentative
									</xsl:text>
								</td>
								<td>
									<xsl:text disable-output-escaping="yes"/>
								</td>
								<td class="grid">
									<div class="free">
									</div>
								</td>
								<td class="legend">
									Free
								</td>
							</tr>
						</table>
					</xsl:for-each>
					<table>
						<tr>
							<xsl:for-each select="MODULE_RESULT[position()&gt;3]">
								<xsl:if test="position()=1">
									<td class="InfoText" nowrap="true">
										Additional Names:
							</td>
<tr>
<td/>
</tr>
		</xsl:if>
								<td nowrap="true">
									<a>
										<xsl:attribute name="href">
<xsl:value-of select="$SearchRequeryUrl"/>
<xsl:value-of select="Title"/>&amp;client=default_frontend&amp;site=default_collection&amp;output=xml_no_dtd&amp;proxystylesheet=default_frontend</xsl:attribute>
										<xsl:value-of select="Title"/>
								</a>
								</td>
	<xsl:if test="position() mod 7= 0">
        							<xsl:text disable-output-escaping="yes"><![CDATA[</TR><TR>]]></xsl:text>
     							</xsl:if>						</xsl:for-each>
						</tr>
					</table>
				</td>
			</tr>
		</table>
	</xsl:template>
</resultsTemplate>
</onebox>
